{"cameraMode":{"drawMode":0,"name":"Shaded","section":"Shading Mode"},"sceneLighting":false,"audioPlay":false,"sceneViewState":{"m_AlwaysRefresh":false,"showFog":true,"showSkybox":false,"showFlares":true,"showImageEffects":true,"showParticleSystems":true,"showVisualEffectGraphs":true,"m_FxEnabled":true},"in2DMode":false,"pivot":{"x":3.0300066471099855,"y":0.6465660333633423,"z":-2.559039354324341},"rotation":{"x":0.07563260197639466,"y":-0.5138975977897644,"z":0.045716989785432819,"w":0.8533644676208496},"size":0.8060570955276489,"orthographic":false}