{"cameraMode":{"drawMode":0,"name":"Shaded","section":"Shading Mode"},"sceneLighting":false,"audioPlay":false,"sceneViewState":{"m_AlwaysRefresh":false,"showFog":true,"showSkybox":false,"showFlares":true,"showImageEffects":true,"showParticleSystems":true,"showVisualEffectGraphs":true,"m_FxEnabled":true},"in2DMode":false,"pivot":{"x":3.932716131210327,"y":2.1279304027557375,"z":-1.7639051675796509},"rotation":{"x":-0.034008126705884936,"y":0.49646514654159548,"z":-0.019705316051840783,"w":-0.8672587871551514},"size":0.33393561840057375,"orthographic":false}